{
    "gcb": 11.201822078856228,
    "logz": -262.39600827653317
}
